{
  "version": "1.0.0",
  "platformVersion": "11.0.0",
  "authentication": {
    "type": "custom",
    "fields": [
      {
        "key": "apikey",
        "label": "API Key",
        "required": true,
        "type": "string"
      }
    ],
    "test": "$func$2$f$",
    "connectionLabel": "{{apikey}}"
  },
  "beforeRequest": [
    "$func$3$f$"
  ],
  "afterResponse": [
    "$func$3$f$"
  ],
  "triggers": {
    "docfieldsList": {
      "display": {
        "label": "docfields",
        "description": "Availale Documents"
      },
      "operation": {
        "perform": "$func$2$f$",
        "resource": "docfields",
        "type": "polling"
      },
      "key": "docfieldsList",
      "noun": "docfields"
    }
  },
  "searches": {},
  "creates": {
    "SendDocument": {
      "key": "SendDocument",
      "noun": "Send Document",
      "display": {
        "label": "Mergeasy File",
        "description": "Send Documents and PDF",
        "important": true
      },
      "operation": {
        "inputFields": [
          {
            "key": "s3_doc_id",
            "required": true,
            "label": "DOCUMENT ID",
            "helpText": "Enter the document ID",
            "dynamic": "docfieldsList.id.label"
          },
          {
            "key": "total_recipients",
            "label": "TOTAL RECEPIENTS"
          },
          {
            "key": "delivery_method",
            "required": true,
            "label": "DELIVERY METHOD",
            "helpText": "Select a Method",
            "choices": {
              "podio": "Podio",
              "docusign": "Docusign",
              "email": "Email"
            }
          },
          "$func$2$f$"
        ],
        "sample": {
          "Status": "Success"
        },
        "perform": "$func$2$f$"
      }
    }
  },
  "resources": {
    "orderfields": {
      "key": "docfields",
      "noun": "docfields",
      "list": {
        "display": {
          "label": "docfields",
          "description": "Availale Documents"
        },
        "operation": {
          "perform": "$func$2$f$"
        }
      }
    }
  },
  "searchOrCreates": {}
}